[
  {
    "description": "",
    "elements": [
      {
        "description": "",
        "id": "user-signup-flow;handle-cookies-on-the-sign-in-page",
        "keyword": "Scenario",
        "line": 3,
        "name": "Handle cookies on the sign-in page",
        "steps": [
          {
            "arguments": [],
            "keyword": "Given ",
            "line": 4,
            "name": "I navigate to the given sign-in url",
            "match": {
              "location": "tests/step-definitions/signupSteps.ts:8"
            },
            "result": {
              "status": "failed",
              "duration": 5014050707,
              "error_message": "Error: function timed out, ensure the promise resolves within 5000 milliseconds\n    at Timeout.<anonymous> (/Users/ahmadraza/signup-automation/node_modules/@cucumber/cucumber/src/time.ts:52:14)\n    at listOnTimeout (node:internal/timers:569:17)\n    at processTimers (node:internal/timers:512:7)"
            }
          },
          {
            "arguments": [],
            "keyword": "When ",
            "line": 5,
            "name": "I accept the cookies",
            "match": {
              "location": "tests/step-definitions/signupSteps.ts:17"
            },
            "result": {
              "status": "skipped",
              "duration": 0
            }
          },
          {
            "arguments": [],
            "keyword": "Then ",
            "line": 6,
            "name": "The cookies banner should disappear",
            "match": {
              "location": "tests/step-definitions/signupSteps.ts:21"
            },
            "result": {
              "status": "skipped",
              "duration": 0
            }
          },
          {
            "arguments": [],
            "keyword": "And ",
            "line": 7,
            "name": "I should be navigated to the sign-in page",
            "match": {
              "location": "tests/step-definitions/signupSteps.ts:26"
            },
            "result": {
              "status": "skipped",
              "duration": 0
            }
          }
        ],
        "tags": [],
        "type": "scenario"
      },
      {
        "description": "",
        "id": "user-signup-flow;navigate-to-sign-up-page-from-sign-in-page",
        "keyword": "Scenario",
        "line": 9,
        "name": "Navigate to sign-up page from sign-in page",
        "steps": [
          {
            "arguments": [],
            "keyword": "Given ",
            "line": 10,
            "name": "I should be navigated to the sign-in page",
            "match": {
              "location": "tests/step-definitions/signupSteps.ts:26"
            },
            "result": {
              "status": "failed",
              "duration": 3340959,
              "error_message": "Error: \u001b[2mexpect(\u001b[22m\u001b[31mreceived\u001b[39m\u001b[2m).\u001b[22mtoBeTruthy\u001b[2m()\u001b[22m\n\nReceived: \u001b[31mfalse\u001b[39m\n    at Proxy.<anonymous> (/Users/ahmadraza/signup-automation/node_modules/playwright/lib/matchers/expect.js:252:37)\n    at World.<anonymous> (/Users/ahmadraza/signup-automation/tests/step-definitions/signupSteps.ts:28:24)"
            }
          },
          {
            "arguments": [],
            "keyword": "When ",
            "line": 11,
            "name": "I click on the \"Start a free trial\" button",
            "match": {
              "location": "tests/step-definitions/signupSteps.ts:31"
            },
            "result": {
              "status": "skipped",
              "duration": 0
            }
          },
          {
            "arguments": [],
            "keyword": "Then ",
            "line": 12,
            "name": "I should be navigated to the sign-up page step-1",
            "match": {
              "location": "tests/step-definitions/signupSteps.ts:39"
            },
            "result": {
              "status": "skipped",
              "duration": 0
            }
          }
        ],
        "tags": [],
        "type": "scenario"
      },
      {
        "description": "",
        "id": "user-signup-flow;handle-cookies-on-the-sign-up-page",
        "keyword": "Scenario",
        "line": 14,
        "name": "Handle cookies on the sign-up page",
        "steps": [
          {
            "arguments": [],
            "keyword": "When ",
            "line": 15,
            "name": "I accept the cookies",
            "match": {
              "location": "tests/step-definitions/signupSteps.ts:17"
            },
            "result": {
              "status": "passed",
              "duration": 2063677625
            }
          },
          {
            "arguments": [],
            "keyword": "Then ",
            "line": 16,
            "name": "The cookies banner should disappear",
            "match": {
              "location": "tests/step-definitions/signupSteps.ts:21"
            },
            "result": {
              "status": "passed",
              "duration": 2447292
            }
          }
        ],
        "tags": [],
        "type": "scenario"
      },
      {
        "description": "",
        "id": "user-signup-flow;validate-email,-password,-and-terms-acceptance-in-step-1",
        "keyword": "Scenario",
        "line": 18,
        "name": "Validate email, password, and terms acceptance in step-1",
        "steps": [
          {
            "arguments": [],
            "keyword": "Given ",
            "line": 19,
            "name": "I should be navigated to the sign-up page step-1",
            "match": {
              "location": "tests/step-definitions/signupSteps.ts:39"
            },
            "result": {
              "status": "failed",
              "duration": 1151250,
              "error_message": "Error: \u001b[2mexpect(\u001b[22m\u001b[31mreceived\u001b[39m\u001b[2m).\u001b[22mtoBeTruthy\u001b[2m()\u001b[22m\n\nReceived: \u001b[31mfalse\u001b[39m\n    at Proxy.<anonymous> (/Users/ahmadraza/signup-automation/node_modules/playwright/lib/matchers/expect.js:252:37)\n    at World.<anonymous> (/Users/ahmadraza/signup-automation/tests/step-definitions/signupSteps.ts:41:24)"
            }
          },
          {
            "arguments": [],
            "keyword": "When ",
            "line": 20,
            "name": "I leave all mandatory fields empty",
            "match": {
              "location": "tests/step-definitions/signupSteps.ts:44"
            },
            "result": {
              "status": "skipped",
              "duration": 0
            }
          },
          {
            "arguments": [],
            "keyword": "And ",
            "line": 21,
            "name": "I try to proceed from step-1 to step-2 of sign-up",
            "match": {
              "location": "tests/step-definitions/signupSteps.ts:46"
            },
            "result": {
              "status": "skipped",
              "duration": 0
            }
          },
          {
            "arguments": [],
            "keyword": "Then ",
            "line": 22,
            "name": "I should see an error message \"Work email is required.\"",
            "match": {
              "location": "tests/step-definitions/signupSteps.ts:48"
            },
            "result": {
              "status": "skipped",
              "duration": 0
            }
          },
          {
            "arguments": [],
            "keyword": "And ",
            "line": 23,
            "name": "I should see an error message \"Min. 8 characters\"",
            "match": {
              "location": "tests/step-definitions/signupSteps.ts:48"
            },
            "result": {
              "status": "skipped",
              "duration": 0
            }
          },
          {
            "arguments": [],
            "keyword": "And ",
            "line": 24,
            "name": "I should see an error message \"At least 1 letter\"",
            "match": {
              "location": "tests/step-definitions/signupSteps.ts:48"
            },
            "result": {
              "status": "skipped",
              "duration": 0
            }
          },
          {
            "arguments": [],
            "keyword": "And ",
            "line": 25,
            "name": "I should see an error message \"At least 1 number\"",
            "match": {
              "location": "tests/step-definitions/signupSteps.ts:48"
            },
            "result": {
              "status": "skipped",
              "duration": 0
            }
          },
          {
            "arguments": [],
            "keyword": "And ",
            "line": 26,
            "name": "I should see an error message \"Please accept the Terms and Conditions to continue.\"",
            "match": {
              "location": "tests/step-definitions/signupSteps.ts:48"
            },
            "result": {
              "status": "skipped",
              "duration": 0
            }
          },
          {
            "arguments": [],
            "keyword": "When ",
            "line": 28,
            "name": "I enter an invalid email format \"invalidemail.com\"",
            "match": {
              "location": "tests/step-definitions/signupSteps.ts:50"
            },
            "result": {
              "status": "skipped",
              "duration": 0
            }
          },
          {
            "arguments": [],
            "keyword": "Then ",
            "line": 29,
            "name": "I should see an error message \"Please correct the e-mail address.\"",
            "match": {
              "location": "tests/step-definitions/signupSteps.ts:48"
            },
            "result": {
              "status": "skipped",
              "duration": 0
            }
          },
          {
            "arguments": [],
            "keyword": "When ",
            "line": 31,
            "name": "I enter a non-work email \"ahmad@gmail.com\"",
            "match": {
              "location": "tests/step-definitions/signupSteps.ts:52"
            },
            "result": {
              "status": "skipped",
              "duration": 0
            }
          },
          {
            "arguments": [],
            "keyword": "Then ",
            "line": 32,
            "name": "I should see an error message \"Please provide your work email.\"",
            "match": {
              "location": "tests/step-definitions/signupSteps.ts:48"
            },
            "result": {
              "status": "skipped",
              "duration": 0
            }
          },
          {
            "arguments": [],
            "keyword": "When ",
            "line": 34,
            "name": "I enter a valid work email \"test@company.com\"",
            "match": {
              "location": "tests/step-definitions/signupSteps.ts:54"
            },
            "result": {
              "status": "skipped",
              "duration": 0
            }
          },
          {
            "arguments": [],
            "keyword": "Then ",
            "line": 35,
            "name": "The email field should accept the input",
            "match": {
              "location": "tests/step-definitions/signupSteps.ts:59"
            },
            "result": {
              "status": "skipped",
              "duration": 0
            }
          },
          {
            "arguments": [],
            "keyword": "When ",
            "line": 37,
            "name": "I enter a password less than 8 characters \"short\"",
            "match": {
              "location": "tests/step-definitions/signupSteps.ts:65"
            },
            "result": {
              "status": "skipped",
              "duration": 0
            }
          },
          {
            "arguments": [],
            "keyword": "Then ",
            "line": 38,
            "name": "I should see an error message \"Min. 8 characters\"",
            "match": {
              "location": "tests/step-definitions/signupSteps.ts:48"
            },
            "result": {
              "status": "skipped",
              "duration": 0
            }
          },
          {
            "arguments": [],
            "keyword": "When ",
            "line": 40,
            "name": "I enter a password without numbers \"PasswordTest\"",
            "match": {
              "location": "tests/step-definitions/signupSteps.ts:67"
            },
            "result": {
              "status": "skipped",
              "duration": 0
            }
          },
          {
            "arguments": [],
            "keyword": "Then ",
            "line": 41,
            "name": "I should see an error message \"At least 1 number\"",
            "match": {
              "location": "tests/step-definitions/signupSteps.ts:48"
            },
            "result": {
              "status": "skipped",
              "duration": 0
            }
          },
          {
            "arguments": [],
            "keyword": "When ",
            "line": 43,
            "name": "I enter a password without letters \"12345678\"",
            "match": {
              "location": "tests/step-definitions/signupSteps.ts:69"
            },
            "result": {
              "status": "skipped",
              "duration": 0
            }
          },
          {
            "arguments": [],
            "keyword": "Then ",
            "line": 44,
            "name": "I should see an error message \"At least 1 letter\"",
            "match": {
              "location": "tests/step-definitions/signupSteps.ts:48"
            },
            "result": {
              "status": "skipped",
              "duration": 0
            }
          },
          {
            "arguments": [],
            "keyword": "When ",
            "line": 46,
            "name": "I enter a valid password \"Password1\"",
            "match": {
              "location": "tests/step-definitions/signupSteps.ts:71"
            },
            "result": {
              "status": "skipped",
              "duration": 0
            }
          },
          {
            "arguments": [],
            "keyword": "Then ",
            "line": 47,
            "name": "The password field should accept the input",
            "match": {
              "location": "tests/step-definitions/signupSteps.ts:76"
            },
            "result": {
              "status": "skipped",
              "duration": 0
            }
          },
          {
            "arguments": [],
            "keyword": "When ",
            "line": 49,
            "name": "I check the Terms and Conditions checkbox",
            "match": {
              "location": "tests/step-definitions/signupSteps.ts:82"
            },
            "result": {
              "status": "skipped",
              "duration": 0
            }
          },
          {
            "arguments": [],
            "keyword": "Then ",
            "line": 50,
            "name": "The error for terms acceptance should disappear",
            "match": {
              "location": "tests/step-definitions/signupSteps.ts:87"
            },
            "result": {
              "status": "skipped",
              "duration": 0
            }
          }
        ],
        "tags": [],
        "type": "scenario"
      },
      {
        "description": "",
        "id": "user-signup-flow;validate-navigation-to-'terms-and-conditions'-form",
        "keyword": "Scenario",
        "line": 52,
        "name": "Validate navigation to 'Terms and Conditions' form",
        "steps": [
          {
            "arguments": [],
            "keyword": "Given ",
            "line": 53,
            "name": "I should be navigated to the sign-up page step-1",
            "match": {
              "location": "tests/step-definitions/signupSteps.ts:39"
            },
            "result": {
              "status": "failed",
              "duration": 610791,
              "error_message": "Error: \u001b[2mexpect(\u001b[22m\u001b[31mreceived\u001b[39m\u001b[2m).\u001b[22mtoBeTruthy\u001b[2m()\u001b[22m\n\nReceived: \u001b[31mfalse\u001b[39m\n    at Proxy.<anonymous> (/Users/ahmadraza/signup-automation/node_modules/playwright/lib/matchers/expect.js:252:37)\n    at World.<anonymous> (/Users/ahmadraza/signup-automation/tests/step-definitions/signupSteps.ts:41:24)"
            }
          }
        ],
        "tags": [],
        "type": "scenario"
      },
      {
        "description": "",
        "id": "user-signup-flow;navigate-back-to-sign-up-form-from-'terms-and-conditions'-form",
        "keyword": "Scenario",
        "line": 57,
        "name": "Navigate back to sign-up form from 'Terms and Conditions' form",
        "steps": [],
        "tags": [],
        "type": "scenario"
      },
      {
        "description": "",
        "id": "user-signup-flow;validate-navigation-to-'privacy-policy'-form",
        "keyword": "Scenario",
        "line": 62,
        "name": "Validate navigation to 'Privacy Policy' form",
        "steps": [
          {
            "arguments": [],
            "keyword": "Given ",
            "line": 63,
            "name": "I should be navigated to the sign-up page step-1",
            "match": {
              "location": "tests/step-definitions/signupSteps.ts:39"
            },
            "result": {
              "status": "failed",
              "duration": 620834,
              "error_message": "Error: \u001b[2mexpect(\u001b[22m\u001b[31mreceived\u001b[39m\u001b[2m).\u001b[22mtoBeTruthy\u001b[2m()\u001b[22m\n\nReceived: \u001b[31mfalse\u001b[39m\n    at Proxy.<anonymous> (/Users/ahmadraza/signup-automation/node_modules/playwright/lib/matchers/expect.js:252:37)\n    at World.<anonymous> (/Users/ahmadraza/signup-automation/tests/step-definitions/signupSteps.ts:41:24)"
            }
          }
        ],
        "tags": [],
        "type": "scenario"
      },
      {
        "description": "",
        "id": "user-signup-flow;navigate-back-to-sign-up-form-from-'privacy-policy'-form",
        "keyword": "Scenario",
        "line": 67,
        "name": "Navigate back to sign-up form from 'Privacy Policy' form",
        "steps": [],
        "tags": [],
        "type": "scenario"
      },
      {
        "description": "",
        "id": "user-signup-flow;validate-'try-for-free'-button-state-based-on-valid-inputs-in-step-1",
        "keyword": "Scenario",
        "line": 72,
        "name": "Validate 'Try for free' button state based on valid inputs in step-1",
        "steps": [
          {
            "arguments": [],
            "keyword": "Given ",
            "line": 73,
            "name": "I should be navigated to the sign-up page step-1",
            "match": {
              "location": "tests/step-definitions/signupSteps.ts:39"
            },
            "result": {
              "status": "failed",
              "duration": 616125,
              "error_message": "Error: \u001b[2mexpect(\u001b[22m\u001b[31mreceived\u001b[39m\u001b[2m).\u001b[22mtoBeTruthy\u001b[2m()\u001b[22m\n\nReceived: \u001b[31mfalse\u001b[39m\n    at Proxy.<anonymous> (/Users/ahmadraza/signup-automation/node_modules/playwright/lib/matchers/expect.js:252:37)\n    at World.<anonymous> (/Users/ahmadraza/signup-automation/tests/step-definitions/signupSteps.ts:41:24)"
            }
          },
          {
            "arguments": [],
            "keyword": "Then ",
            "line": 77,
            "name": "The \"Try for free\" button should be enabled",
            "match": {
              "location": "tests/step-definitions/signupSteps.ts:94"
            },
            "result": {
              "status": "skipped",
              "duration": 0
            }
          },
          {
            "arguments": [],
            "keyword": "When ",
            "line": 79,
            "name": "any required field is missing or invalid in step-1",
            "match": {
              "location": "tests/step-definitions/signupSteps.ts:99"
            },
            "result": {
              "status": "skipped",
              "duration": 0
            }
          }
        ],
        "tags": [],
        "type": "scenario"
      },
      {
        "description": "",
        "id": "user-signup-flow;validate-navigation-from-step-1-to-step-2",
        "keyword": "Scenario",
        "line": 82,
        "name": "Validate navigation from step-1 to step-2",
        "steps": [
          {
            "arguments": [],
            "keyword": "Given ",
            "line": 83,
            "name": "I should be navigated to the sign-up page step-1",
            "match": {
              "location": "tests/step-definitions/signupSteps.ts:39"
            },
            "result": {
              "status": "failed",
              "duration": 585749,
              "error_message": "Error: \u001b[2mexpect(\u001b[22m\u001b[31mreceived\u001b[39m\u001b[2m).\u001b[22mtoBeTruthy\u001b[2m()\u001b[22m\n\nReceived: \u001b[31mfalse\u001b[39m\n    at Proxy.<anonymous> (/Users/ahmadraza/signup-automation/node_modules/playwright/lib/matchers/expect.js:252:37)\n    at World.<anonymous> (/Users/ahmadraza/signup-automation/tests/step-definitions/signupSteps.ts:41:24)"
            }
          },
          {
            "arguments": [],
            "keyword": "When ",
            "line": 84,
            "name": "I added valid input to all required fields in step-1",
            "match": {
              "location": "tests/step-definitions/signupSteps.ts:102"
            },
            "result": {
              "status": "skipped",
              "duration": 0
            }
          },
          {
            "arguments": [],
            "keyword": "And ",
            "line": 85,
            "name": "I click on \"Try for free\" button in step-1",
            "match": {
              "location": "tests/step-definitions/signupSteps.ts:104"
            },
            "result": {
              "status": "skipped",
              "duration": 0
            }
          },
          {
            "arguments": [],
            "keyword": "Then ",
            "line": 86,
            "name": "I should be navigated to sign-up page step-2",
            "match": {
              "location": "tests/step-definitions/signupSteps.ts:108"
            },
            "result": {
              "status": "skipped",
              "duration": 0
            }
          }
        ],
        "tags": [],
        "type": "scenario"
      },
      {
        "description": "",
        "id": "user-signup-flow;validate-data-persistence-when-navigating-back-to-step-1-from-step-2-and-navigate-back-to-step-2",
        "keyword": "Scenario",
        "line": 88,
        "name": "Validate data persistence when navigating back to step-1 from step-2 and Navigate back to step-2",
        "steps": [
          {
            "arguments": [],
            "keyword": "Given ",
            "line": 89,
            "name": "I should be navigated to sign-up page step-2",
            "match": {
              "location": "tests/step-definitions/signupSteps.ts:108"
            },
            "result": {
              "status": "failed",
              "duration": 28834707,
              "error_message": "Error: \u001b[2mexpect(\u001b[22m\u001b[31mreceived\u001b[39m\u001b[2m).\u001b[22mtoBeTruthy\u001b[2m()\u001b[22m\n\nReceived: \u001b[31mfalse\u001b[39m\n    at Proxy.<anonymous> (/Users/ahmadraza/signup-automation/node_modules/playwright/lib/matchers/expect.js:252:37)\n    at World.<anonymous> (/Users/ahmadraza/signup-automation/tests/step-definitions/signupSteps.ts:110:23)"
            }
          },
          {
            "arguments": [],
            "keyword": "When ",
            "line": 90,
            "name": "I click on \"Back\" button in step-2",
            "match": {
              "location": "tests/step-definitions/signupSteps.ts:112"
            },
            "result": {
              "status": "skipped",
              "duration": 0
            }
          },
          {
            "arguments": [],
            "keyword": "Then ",
            "line": 91,
            "name": "The mandatory email field should contain \"test@company.com\" in step-1",
            "match": {
              "location": "tests/step-definitions/signupSteps.ts:114"
            },
            "result": {
              "status": "skipped",
              "duration": 0
            }
          },
          {
            "arguments": [],
            "keyword": "And ",
            "line": 92,
            "name": "The mandatory password field should contain \"Password1\" step-1",
            "match": {
              "location": "tests/step-definitions/signupSteps.ts:116"
            },
            "result": {
              "status": "skipped",
              "duration": 0
            }
          },
          {
            "arguments": [],
            "keyword": "And ",
            "line": 93,
            "name": "The Terms and Conditions checkbox should remain checked",
            "match": {
              "location": "tests/step-definitions/signupSteps.ts:118"
            },
            "result": {
              "status": "skipped",
              "duration": 0
            }
          },
          {
            "arguments": [],
            "keyword": "Then ",
            "line": 96,
            "name": "I should be navigated to sign-up page step-2",
            "match": {
              "location": "tests/step-definitions/signupSteps.ts:108"
            },
            "result": {
              "status": "skipped",
              "duration": 0
            }
          }
        ],
        "tags": [],
        "type": "scenario"
      },
      {
        "description": "",
        "id": "user-signup-flow;validate-required-fields-error-messages-in-step-2",
        "keyword": "Scenario",
        "line": 98,
        "name": "Validate required fields error messages in step-2",
        "steps": [
          {
            "arguments": [],
            "keyword": "Given ",
            "line": 99,
            "name": "I should be navigated to sign-up page step-2",
            "match": {
              "location": "tests/step-definitions/signupSteps.ts:108"
            },
            "result": {
              "status": "failed",
              "duration": 1939333,
              "error_message": "Error: \u001b[2mexpect(\u001b[22m\u001b[31mreceived\u001b[39m\u001b[2m).\u001b[22mtoBeTruthy\u001b[2m()\u001b[22m\n\nReceived: \u001b[31mfalse\u001b[39m\n    at Proxy.<anonymous> (/Users/ahmadraza/signup-automation/node_modules/playwright/lib/matchers/expect.js:252:37)\n    at World.<anonymous> (/Users/ahmadraza/signup-automation/tests/step-definitions/signupSteps.ts:110:23)"
            }
          },
          {
            "arguments": [],
            "keyword": "When ",
            "line": 100,
            "name": "I leave the First Name and Last Name fields empty",
            "match": {
              "location": "tests/step-definitions/signupSteps.ts:120"
            },
            "result": {
              "status": "skipped",
              "duration": 0
            }
          },
          {
            "arguments": [],
            "keyword": "And ",
            "line": 101,
            "name": "I try to proceed from step-two to step-three of sign-up",
            "match": {
              "location": "tests/step-definitions/signupSteps.ts:124"
            },
            "result": {
              "status": "skipped",
              "duration": 0
            }
          },
          {
            "arguments": [],
            "keyword": "Then ",
            "line": 102,
            "name": "I should see an error message \"First name is required\" and \"Last name is required\"",
            "match": {
              "location": "tests/step-definitions/signupSteps.ts:127"
            },
            "result": {
              "status": "skipped",
              "duration": 0
            }
          },
          {
            "arguments": [],
            "keyword": "And ",
            "line": 103,
            "name": "The \"Next Step\" button should be disabled in step-2",
            "match": {
              "location": "tests/step-definitions/signupSteps.ts:134"
            },
            "result": {
              "status": "skipped",
              "duration": 0
            }
          }
        ],
        "tags": [],
        "type": "scenario"
      },
      {
        "description": "",
        "id": "user-signup-flow;validate-first-name-and-last-name-inputs",
        "keyword": "Scenario",
        "line": 105,
        "name": "Validate First Name and Last Name inputs",
        "steps": [
          {
            "arguments": [],
            "keyword": "Given ",
            "line": 106,
            "name": "I should be navigated to sign-up page step-2",
            "match": {
              "location": "tests/step-definitions/signupSteps.ts:108"
            },
            "result": {
              "status": "failed",
              "duration": 1493834,
              "error_message": "Error: \u001b[2mexpect(\u001b[22m\u001b[31mreceived\u001b[39m\u001b[2m).\u001b[22mtoBeTruthy\u001b[2m()\u001b[22m\n\nReceived: \u001b[31mfalse\u001b[39m\n    at Proxy.<anonymous> (/Users/ahmadraza/signup-automation/node_modules/playwright/lib/matchers/expect.js:252:37)\n    at World.<anonymous> (/Users/ahmadraza/signup-automation/tests/step-definitions/signupSteps.ts:110:23)"
            }
          },
          {
            "arguments": [],
            "keyword": "When ",
            "line": 107,
            "name": "I enter a valid First Name \"John\"",
            "match": {
              "location": "tests/step-definitions/signupSteps.ts:138"
            },
            "result": {
              "status": "skipped",
              "duration": 0
            }
          },
          {
            "arguments": [],
            "keyword": "And ",
            "line": 108,
            "name": "I enter a valid Last Name \"Doe\"",
            "match": {
              "location": "tests/step-definitions/signupSteps.ts:142"
            },
            "result": {
              "status": "skipped",
              "duration": 0
            }
          },
          {
            "arguments": [],
            "keyword": "Then ",
            "line": 109,
            "name": "The First Name and Last Name fields should accept input without error",
            "match": {
              "location": "tests/step-definitions/signupSteps.ts:147"
            },
            "result": {
              "status": "skipped",
              "duration": 0
            }
          }
        ],
        "tags": [],
        "type": "scenario"
      },
      {
        "description": "",
        "id": "user-signup-flow;validate-phone-number-field-accepts-valid-input",
        "keyword": "Scenario",
        "line": 112,
        "name": "Validate phone number field accepts valid input",
        "steps": [
          {
            "arguments": [],
            "keyword": "Given ",
            "line": 113,
            "name": "I should be navigated to sign-up page step-2",
            "match": {
              "location": "tests/step-definitions/signupSteps.ts:108"
            },
            "result": {
              "status": "failed",
              "duration": 1738000,
              "error_message": "Error: \u001b[2mexpect(\u001b[22m\u001b[31mreceived\u001b[39m\u001b[2m).\u001b[22mtoBeTruthy\u001b[2m()\u001b[22m\n\nReceived: \u001b[31mfalse\u001b[39m\n    at Proxy.<anonymous> (/Users/ahmadraza/signup-automation/node_modules/playwright/lib/matchers/expect.js:252:37)\n    at World.<anonymous> (/Users/ahmadraza/signup-automation/tests/step-definitions/signupSteps.ts:110:23)"
            }
          },
          {
            "arguments": [],
            "keyword": "When ",
            "line": 114,
            "name": "I enter phone number \"1234567890\"",
            "match": {
              "location": "tests/step-definitions/signupSteps.ts:149"
            },
            "result": {
              "status": "skipped",
              "duration": 0
            }
          },
          {
            "arguments": [],
            "keyword": "Then ",
            "line": 115,
            "name": "The phone number field should accept the input",
            "match": {
              "location": "tests/step-definitions/signupSteps.ts:153"
            },
            "result": {
              "status": "skipped",
              "duration": 0
            }
          }
        ],
        "tags": [],
        "type": "scenario"
      },
      {
        "description": "",
        "id": "user-signup-flow;validate-'next-step'-button-state-based-on-input-in-step-2",
        "keyword": "Scenario",
        "line": 117,
        "name": "Validate 'Next Step' button state based on input in step-2",
        "steps": [
          {
            "arguments": [],
            "keyword": "Given ",
            "line": 118,
            "name": "I should be navigated to sign-up page step-2",
            "match": {
              "location": "tests/step-definitions/signupSteps.ts:108"
            },
            "result": {
              "status": "failed",
              "duration": 1431000,
              "error_message": "Error: \u001b[2mexpect(\u001b[22m\u001b[31mreceived\u001b[39m\u001b[2m).\u001b[22mtoBeTruthy\u001b[2m()\u001b[22m\n\nReceived: \u001b[31mfalse\u001b[39m\n    at Proxy.<anonymous> (/Users/ahmadraza/signup-automation/node_modules/playwright/lib/matchers/expect.js:252:37)\n    at World.<anonymous> (/Users/ahmadraza/signup-automation/tests/step-definitions/signupSteps.ts:110:23)"
            }
          },
          {
            "arguments": [],
            "keyword": "Then ",
            "line": 122,
            "name": "The \"Next Step\" button should be enabled in step-2",
            "match": {
              "location": "tests/step-definitions/signupSteps.ts:155"
            },
            "result": {
              "status": "skipped",
              "duration": 0
            }
          },
          {
            "arguments": [],
            "keyword": "When ",
            "line": 124,
            "name": "any required field is missing or invalid in step-2",
            "match": {
              "location": "tests/step-definitions/signupSteps.ts:163"
            },
            "result": {
              "status": "skipped",
              "duration": 0
            }
          }
        ],
        "tags": [],
        "type": "scenario"
      },
      {
        "description": "",
        "id": "user-signup-flow;validate-navigation-from-step-2-to-step-3",
        "keyword": "Scenario",
        "line": 127,
        "name": "Validate navigation from step-2 to step-3",
        "steps": [
          {
            "arguments": [],
            "keyword": "Given ",
            "line": 128,
            "name": "I should be navigated to sign-up page step-2",
            "match": {
              "location": "tests/step-definitions/signupSteps.ts:108"
            },
            "result": {
              "status": "failed",
              "duration": 2660957,
              "error_message": "Error: \u001b[2mexpect(\u001b[22m\u001b[31mreceived\u001b[39m\u001b[2m).\u001b[22mtoBeTruthy\u001b[2m()\u001b[22m\n\nReceived: \u001b[31mfalse\u001b[39m\n    at Proxy.<anonymous> (/Users/ahmadraza/signup-automation/node_modules/playwright/lib/matchers/expect.js:252:37)\n    at World.<anonymous> (/Users/ahmadraza/signup-automation/tests/step-definitions/signupSteps.ts:110:23)"
            }
          },
          {
            "arguments": [],
            "keyword": "When ",
            "line": 129,
            "name": "I complete all required fields in step-2",
            "match": {
              "location": "tests/step-definitions/signupSteps.ts:165"
            },
            "result": {
              "status": "skipped",
              "duration": 0
            }
          },
          {
            "arguments": [],
            "keyword": "And ",
            "line": 130,
            "name": "I try to proceed from step-two to step-three of sign-up",
            "match": {
              "location": "tests/step-definitions/signupSteps.ts:124"
            },
            "result": {
              "status": "skipped",
              "duration": 0
            }
          },
          {
            "arguments": [],
            "keyword": "Then ",
            "line": 131,
            "name": "I should be navigated to sign-up step-3",
            "match": {
              "location": "tests/step-definitions/signupSteps.ts:167"
            },
            "result": {
              "status": "skipped",
              "duration": 0
            }
          }
        ],
        "tags": [],
        "type": "scenario"
      },
      {
        "description": "",
        "id": "user-signup-flow;validate-company-name-mandatory-field",
        "keyword": "Scenario",
        "line": 133,
        "name": "Validate company name mandatory field",
        "steps": [
          {
            "arguments": [],
            "keyword": "Given ",
            "line": 134,
            "name": "I should be navigated to sign-up step-3",
            "match": {
              "location": "tests/step-definitions/signupSteps.ts:167"
            },
            "result": {
              "status": "failed",
              "duration": 5001951999,
              "error_message": "Error: function timed out, ensure the promise resolves within 5000 milliseconds\n    at Timeout.<anonymous> (/Users/ahmadraza/signup-automation/node_modules/@cucumber/cucumber/src/time.ts:52:14)\n    at listOnTimeout (node:internal/timers:569:17)\n    at processTimers (node:internal/timers:512:7)"
            }
          },
          {
            "arguments": [],
            "keyword": "When ",
            "line": 139,
            "name": "I enter a company name \"Plazz AG\" in Company Name field",
            "match": {
              "location": "tests/step-definitions/signupSteps.ts:185"
            },
            "result": {
              "status": "skipped",
              "duration": 0
            }
          }
        ],
        "tags": [],
        "type": "scenario"
      },
      {
        "description": "",
        "id": "user-signup-flow;validate-country-dropdown-presence",
        "keyword": "Scenario",
        "line": 142,
        "name": "Validate country dropdown presence",
        "steps": [
          {
            "arguments": [],
            "keyword": "Given ",
            "line": 143,
            "name": "I should be navigated to sign-up step-3",
            "match": {
              "location": "tests/step-definitions/signupSteps.ts:167"
            },
            "result": {
              "status": "failed",
              "duration": 5002666292,
              "error_message": "Error: function timed out, ensure the promise resolves within 5000 milliseconds\n    at Timeout.<anonymous> (/Users/ahmadraza/signup-automation/node_modules/@cucumber/cucumber/src/time.ts:52:14)\n    at listOnTimeout (node:internal/timers:569:17)\n    at processTimers (node:internal/timers:512:7)"
            }
          },
          {
            "arguments": [],
            "keyword": "Then ",
            "line": 144,
            "name": "The \"Where is your company registered?\" dropdown should be visible",
            "match": {
              "location": "tests/step-definitions/signupSteps.ts:191"
            },
            "result": {
              "status": "skipped",
              "duration": 0
            }
          }
        ],
        "tags": [],
        "type": "scenario"
      },
      {
        "description": "",
        "id": "user-signup-flow;validate-sign-up-form-submission-without-selecting-a-country",
        "keyword": "Scenario",
        "line": 146,
        "name": "Validate sign-up form submission without selecting a country",
        "steps": [
          {
            "arguments": [],
            "keyword": "Given ",
            "line": 147,
            "name": "I should be navigated to sign-up step-3",
            "match": {
              "location": "tests/step-definitions/signupSteps.ts:167"
            },
            "result": {
              "status": "failed",
              "duration": 5002898083,
              "error_message": "Error: function timed out, ensure the promise resolves within 5000 milliseconds\n    at Timeout.<anonymous> (/Users/ahmadraza/signup-automation/node_modules/@cucumber/cucumber/src/time.ts:52:14)\n    at listOnTimeout (node:internal/timers:569:17)\n    at processTimers (node:internal/timers:512:7)"
            }
          },
          {
            "arguments": [],
            "keyword": "When ",
            "line": 148,
            "name": "I leave the country dropdown empty",
            "match": {
              "location": "tests/step-definitions/signupSteps.ts:196"
            },
            "result": {
              "status": "skipped",
              "duration": 0
            }
          },
          {
            "arguments": [],
            "keyword": "And ",
            "line": 149,
            "name": "I try to proceed to create an account in step-3",
            "match": {
              "location": "tests/step-definitions/signupSteps.ts:176"
            },
            "result": {
              "status": "skipped",
              "duration": 0
            }
          },
          {
            "arguments": [],
            "keyword": "Then ",
            "line": 150,
            "name": "I should see an error message \"Company registration country is required\" in step-3 country field",
            "match": {
              "location": "tests/step-definitions/signupSteps.ts:200"
            },
            "result": {
              "status": "skipped",
              "duration": 0
            }
          }
        ],
        "tags": [],
        "type": "scenario"
      },
      {
        "description": "",
        "id": "user-signup-flow;validate-navigation-to-'contact-us'-form-when-no-country-is-found",
        "keyword": "Scenario",
        "line": 152,
        "name": "Validate navigation to 'Contact Us' form when no country is found",
        "steps": [
          {
            "arguments": [],
            "keyword": "Given ",
            "line": 153,
            "name": "I should be navigated to sign-up step-3",
            "match": {
              "location": "tests/step-definitions/signupSteps.ts:167"
            },
            "result": {
              "status": "failed",
              "duration": 5002675582,
              "error_message": "Error: function timed out, ensure the promise resolves within 5000 milliseconds\n    at Timeout.<anonymous> (/Users/ahmadraza/signup-automation/node_modules/@cucumber/cucumber/src/time.ts:52:14)\n    at listOnTimeout (node:internal/timers:569:17)\n    at processTimers (node:internal/timers:512:7)"
            }
          },
          {
            "arguments": [],
            "keyword": "When ",
            "line": 154,
            "name": "I search for a country \"Pakistan\" that is not listed in country drop-down",
            "match": {
              "location": "tests/step-definitions/signupSteps.ts:202"
            },
            "result": {
              "status": "skipped",
              "duration": 0
            }
          },
          {
            "arguments": [],
            "keyword": "Then ",
            "line": 155,
            "name": "The info text 'Can't find your country? Contact us.' should be displayed",
            "match": {
              "location": "tests/step-definitions/signupSteps.ts:207"
            },
            "result": {
              "status": "skipped",
              "duration": 0
            }
          },
          {
            "arguments": [],
            "keyword": "When ",
            "line": 156,
            "name": "I click on \"Contact us\" in country drop-down in step-3",
            "match": {
              "location": "tests/step-definitions/signupSteps.ts:212"
            },
            "result": {
              "status": "skipped",
              "duration": 0
            }
          },
          {
            "arguments": [],
            "keyword": "Then ",
            "line": 157,
            "name": "I should be navigated to the 'Contact Us' form",
            "match": {
              "location": "tests/step-definitions/signupSteps.ts:215"
            },
            "result": {
              "status": "skipped",
              "duration": 0
            }
          }
        ],
        "tags": [],
        "type": "scenario"
      },
      {
        "description": "",
        "id": "user-signup-flow;validate-navigation-back-to-signup-form-from-'contact-us'-form",
        "keyword": "Scenario",
        "line": 159,
        "name": "Validate navigation back to signup form from 'Contact Us' form",
        "steps": [
          {
            "arguments": [],
            "keyword": "Given ",
            "line": 160,
            "name": "I should be navigated to the 'Contact Us' form",
            "match": {
              "location": "tests/step-definitions/signupSteps.ts:215"
            },
            "result": {
              "status": "passed",
              "duration": 495834
            }
          },
          {
            "arguments": [],
            "keyword": "When ",
            "line": 161,
            "name": "I click on \"Back\" button to navigate back to sign-up page",
            "match": {
              "location": "tests/step-definitions/signupSteps.ts:217"
            },
            "result": {
              "status": "passed",
              "duration": 621375
            }
          },
          {
            "arguments": [],
            "keyword": "Then ",
            "line": 162,
            "name": "I should be navigated to sign-up step-3",
            "match": {
              "location": "tests/step-definitions/signupSteps.ts:167"
            },
            "result": {
              "status": "failed",
              "duration": 5001506499,
              "error_message": "Error: function timed out, ensure the promise resolves within 5000 milliseconds\n    at Timeout.<anonymous> (/Users/ahmadraza/signup-automation/node_modules/@cucumber/cucumber/src/time.ts:52:14)\n    at listOnTimeout (node:internal/timers:569:17)\n    at processTimers (node:internal/timers:512:7)"
            }
          }
        ],
        "tags": [],
        "type": "scenario"
      },
      {
        "description": "",
        "id": "user-signup-flow;validate-selecting-a-country-by-searching-an-existing-country-in-the-dropdown",
        "keyword": "Scenario",
        "line": 164,
        "name": "Validate selecting a country by searching an existing country in the dropdown",
        "steps": [
          {
            "arguments": [],
            "keyword": "Given ",
            "line": 165,
            "name": "I should be navigated to sign-up step-3",
            "match": {
              "location": "tests/step-definitions/signupSteps.ts:167"
            },
            "result": {
              "status": "failed",
              "duration": 5002604083,
              "error_message": "Error: function timed out, ensure the promise resolves within 5000 milliseconds\n    at Timeout.<anonymous> (/Users/ahmadraza/signup-automation/node_modules/@cucumber/cucumber/src/time.ts:52:14)\n    at listOnTimeout (node:internal/timers:569:17)\n    at processTimers (node:internal/timers:512:7)"
            }
          },
          {
            "arguments": [],
            "keyword": "When ",
            "line": 166,
            "name": "I clear the country drop-down field",
            "match": {
              "location": "tests/step-definitions/signupSteps.ts:219"
            },
            "result": {
              "status": "skipped",
              "duration": 0
            }
          },
          {
            "arguments": [],
            "keyword": "And ",
            "line": 167,
            "name": "I search the existing country \"Sweden\" in drop-down search",
            "match": {
              "location": "tests/step-definitions/signupSteps.ts:228"
            },
            "result": {
              "status": "skipped",
              "duration": 0
            }
          },
          {
            "arguments": [],
            "keyword": "And ",
            "line": 168,
            "name": "I select the country from drop-down search results",
            "match": {
              "location": "tests/step-definitions/signupSteps.ts:232"
            },
            "result": {
              "status": "skipped",
              "duration": 0
            }
          },
          {
            "arguments": [],
            "keyword": "Then ",
            "line": 169,
            "name": "The country \"Sweden\" should be selected in the country field",
            "match": {
              "location": "tests/step-definitions/signupSteps.ts:241"
            },
            "result": {
              "status": "skipped",
              "duration": 0
            }
          }
        ],
        "tags": [],
        "type": "scenario"
      },
      {
        "description": "",
        "id": "user-signup-flow;validate-selecting-a-country-by-scrolling-the-existing-countries-drop-down-list",
        "keyword": "Scenario",
        "line": 171,
        "name": "Validate selecting a country by scrolling the existing countries drop-down list",
        "steps": [],
        "tags": [],
        "type": "scenario"
      },
      {
        "description": "",
        "id": "user-signup-flow;validate-data-persistence-when-navigating-back-to-step-2-and-step-1-from-step-3-and-navigate-back-to-step-3",
        "keyword": "Scenario",
        "line": 178,
        "name": "Validate data persistence when navigating back to step-2 and step 1 from step-3 and Navigate back to step-3",
        "steps": [],
        "tags": [],
        "type": "scenario"
      }
    ],
    "id": "user-signup-flow",
    "line": 1,
    "keyword": "Feature",
    "name": "User Signup Flow",
    "tags": [],
    "uri": "tests/features/signup.feature"
  }
]